ESDT,PC,VolOfEff,SVI
44822.25,4432.65918,312.05,110
44821.25,4430.513184,312.05,110
44820.25,4428.309082,232.31,130
44819.25,4426.13623,305.74,150
44818.25,4424.067871,297.61,150
44817.25,4422.018066,510.97,130
44816.25,4419.823242,586.95,130
44815.25,4417.504883,456.39,120
44814.25,4415.02002,512.94,130
44813.25,4412.74707,528.65,120
44812.25,4410.566895,441,140
44811.25,4408.412109,448.75,150
44810.25,4406.196777,215.94,120
44809.25,4404.182129,81.51,120
44807.25,4401.317871,225.94,100
44805.25,4398.396973,517.04,110
44804.25,4396.356934,517.46,120
44803.25,4394.355957,402.61,150
44802.25,4392.259766,315.54,200
44801.25,4390.349121,312.81,180
44800.25,4388.553223,312.81,180
44799.25,4386.812012,446.74,140
44798.25,4384.850098,455.64,100
44797.25,4382.859863,397.88,100
44796.25,4380.873047,390.67,150
44795.25,4378.974121,328.72,170
44794.25,4377.12207,332.94,180
44793.25,4375.36377,412.46,190
44792.25,4373.580078,385.29,150
44791.25,4371.696777,481.23,90
44790.25,4369.834961,369.96,100
44789.25,4367.807129,439.29,140
44788.25,4365.870117,457.94,140
44786.25,4361.875977,314.95,120
44785.25,4360.125,331.41,120
44784.25,4358.438965,305.77,100
44783.25,4357.030762,312.5,100
44782.25,4355.38623,504.02,110
44781.25,4353.744141,579.73,100
44780.25,4351.754883,578.74,100
44779.25,4349.561035,168.09,130
44778.25,4347.442871,437.52,180
44777.25,4345.836914,573.72,100
44776.25,4343.916992,441.2,150
44775.25,4341.76123,576.54,140
44774.25,4339.844238,581.21,110
44773.25,4337.701172,432.36,120
44772.25,4335.571777,370.08,110
44771.25,4333.475098,370.08,110
44770.25,4331.49707,512.07,110
44769.25,4329.624023,456.43,110
44768.58333,4328.288086,577.46,120
44768.25,4327.550781,577.46,120
44767.25,4325.536133,439.84,120
44766.25,4323.321777,442.27,120
44765.25,4321.328125,440.97,110
44764.25,4319.359863,443.05,120
44763.25,4317.366211,585.44,100
44762.25,0,582.59,100
44761.25,0,560.56,100
44760.25,0,448.6,140
44759.25,0,362.43,140
44758.25,0,362.98,100
44757.25,0,578.68,110
44756.25,0,570.1,100
44755.25,0,570.56,110
44754.25,0,371.83,100
44753.25,0,376.12,100
44752.25,0,501.92,100
44751.25,0,433.14,100
44750.25,0,439,100
44749.25,0,433.88,110
44748.25,0,368.73,100
44747.25,0,304.12,100
44746.25,0,441.37,120
44745.25,0,329.75,120
44744.25,0,434.49,100
44743.25,0,449.92,100
44742.25,0,455.89,100
44741.25,0,365.17,90
44740.25,0,371.14,90
44739.25,0,372.36,100
44738.25,0,365.78,100
44737.25,0,570.92,100
44736.25,0,430.65,100
44735.25,0,293.38,100
44734.25,0,440.43,100
44733.25,0,287.52,100
44732.25,4256.325195,432.24,100
44731.25,4254.62793,229.39,100
44730.25,4252.783203,480.39,100
44729.25,4251.328125,229.22,100
44728.25,4249.46582,7.89,100
44727.25,4247.874023,124.55,100
44726.25,4246.799805,308.53,100
44725.25,4245.585938,357.46,100
44724.25,4244.028809,292.67,120
44723.25,4242.338867,133.58,110
44722.25,4240.823242,181.06,120
44721.25,4239.449219,381.13,100
44720.25,4238.083984,297.08,100
44719.58333,4237.042969,305.2,100
44718.25,4234.897949,296.33,90
44717.25,4233.307129,428.85,110
44716.25,4231.690918,234,110
44715.25,4229.773926,428.74,100
44713.25,4226.130859,309.8,90
44712.58333,4224.76123,432.81,90
44711.25,4222.461914,440.07,90
44710.25,4220.619141,465.22,90
44709.25,4218.662109,304.24,90
44708.25,4216.794922,412.9,100
44706.25,4213.450195,367.58,140
44705.58333,4212.5,349.32,90
44704.25,4210.390137,557.83,90
44703.25,4208.632813,381.1,90
44702.25,4206.551758,449.53,90
44701.25,4204.481934,487.73,80
44699.25,4200.780762,338.83,120
44698.25,4198.797852,229.61,140
44696.25,4196.63623,282.22,140
44695.25,4194.334961,320.29,125
44694.25,4192.437012,361.12,120
44693.58333,4191.251953,160.64,120
44692.25,4188.524902,327.14,120
44691.58333,4187.375,217.27,120
44690.25,4184.878906,247.66,110
44689.25,4183.103027,310.45,110
44688.25,4181.305176,223.94,110
44687.25,4179.445801,145.59,130
44686.25,4177.646973,304.1,130
44684.25,4173.977051,92.89,100
44683.25,4172.065918,302.88,150
44682.25,4170.374023,298.4,150
44681.25,4168.504883,308.09,170
44680.25,4166.654785,217.56,120
44679.25,4164.766113,511.71,120
44678.25,4162.967773,253.07,120
44677.25,4160.823242,226.83,120
44676.25,4158.986816,385.66,170
44675.25,4157.191895,320.53,140
44674.25,4155.26416,386.6,150
44673.25,4153.353027,380.7,130
44672.25,4151.288086,161.34,120
44671.25,4149.34082,313.13,140
44670.25,4147.507813,312.13,180
44669.25,4145.650879,316.94,170
44668.25,4143.770996,315.27,170
44667.25,4141.883789,322.02,190
44666.25,4139.998047,374.51,150
44665.25,4138.078125,377.61,120
44664.25,4136.124023,249.23,110
44663.25,4134.117188,319.01,130
44662.25,4132.245117,434.03,180
44661.25,4130.270996,450.84,140
44660.25,4128.168945,384.53,150
44659.25,4126.009766,503.66,130
44658.25,4123.875,514.22,120
44657.25,4121.663086,310.71,100
44656.25,4119.397949,324.74,120
44655.25,4117.348145,316.59,140
44654.25,4115.437012,456.01,150
44653.25,4113.500977,435.72,150
44652.25,4111.381836,298.78,120
44651.25,4109.332031,249.67,110
44650.25,4107.423828,447.92,110
44649.25,4105.589844,191.33,110
44648.25,4103.559082,70.52,190
44647.25,4101.829102,443.66,190
44646.25,4100.383789,239.37,120
44645.25,4098.312988,456.62,100
44644.25,4096.375,309.65,100
44643.25,4094.324951,251.62,110
44642.25,4092.410889,228.44,110
44641.25,4090.571045,322.98,100
44640.25,4088.753906,382.35,110
44639.25,4086.810059,253.79,120
44638.25,4084.907959,253.79,110
44637.25,4082.913086,298.57,110
44636.25,4081.060059,267.18,100
44635.25,4079.087891,147.98,100
44634.25,4077.062988,372.43,120
44633.25,4075.462891,374.64,120
44632.25,4073.320068,221.79,120
44631.25,4071.204102,302.05,100
44630.25,4069.241943,371.18,100
44629.25,4067.230957,290.02,100
44628.25,4065.210938,230.46,100
44627.25,4063.251953,235.01,150
44626.25,4061.318115,301.01,150
44625.25,4059.410889,302.95,150
44624.25,4057.417969,323.65,150
44623.25,4055.434082,361.14,110
44622.25,4053.428955,434.09,110
44621.25,4051.302979,231.67,110
44620.25,4049.063965,297.45,90
44619.25,4047.091064,181.47,90
44618.25,4045.076904,326.26,100
44617.25,4043.156982,376.28,100
44616.25,4041.131104,361.86,100
44615.25,4039.024902,376.24,110
44614.25,4036.811035,236.72,100
44613.25,4034.724121,330.77,150
44612.25,4032.75,381.41,150
44611.25,4030.624023,300.88,110
44610.25,4028.52002,246.45,100
44609.25,4026.454102,303.8,110
44608.25,4024.498047,310.15,100
44607.25,4022.454102,321.43,90
44606.58333,4020.736084,307,90
44605.25,4018.371094,186.18,100
44604.25,4016.302002,316.07,100
44603.25,4014.387939,307.98,100
44602.25,4012.270996,306.91,100
44601.25,4010.125977,311.3,100
44600.25,4007.952881,304.94,100
44599.25,4005.781006,380.81,110
44598.58333,4004.095947,302.57,100
44597.25,4001.344971,295.13,100
44596.25,3999.144043,379.28,100
44595.25,3996.977051,307.98,110
44594.25,3994.717041,320.05,100
44593.25,3992.604004,322,90
44592.25,3990.471924,372.33,120
44591.25,3988.449951,320.96,120
44590.25,3986.295898,384.48,140
44589.25,3984.150879,381.91,100
44588.25,3981.955078,308.57,100
44587.25,3979.745117,315.4,110
44586.25,3977.616943,316.07,130
44585.25,3975.468994,394.7,130
44584.25,3973.331055,399.43,140
44583.25,3971.129883,356.44,140
44582.25,3969.029053,318.35,100
44581.25,3966.851074,395.94,100
44580.25,3965.031006,321.97,100
44579.25,3962.802979,384.51,150
44578.25,3960.674072,313.03,150
44577.25,3958.506104,373.13,240
44576.25,3956.342041,310.67,150
44575.25,3954.115967,409.78,110
44574.25,3951.935059,396.1,120
44573.25,3949.714111,335.03,110
44572.25,3947.495117,385.31,150
44571.25,3945.326904,338.94,200
44570.25,3943.110107,408.22,190
44569.25,3940.976074,397.02,190
44568.25,3938.790039,306.08,100
44567.25,3936.543945,306.08,100
44566.25,3934.311035,411.23,100
44565.25,3932.150879,377.24,100
44564.25,3929.912109,335.3,180
44563.25,3927.676025,385.44,190
44562.25,3925.531982,402.22,70
44561.25,3923.305908,322.88,100
44560.25,3921.072021,457.36,150
44559.25,3918.893066,454.48,125
44558.25,3916.610107,306.66,100
44557.25,3914.329102,388.9,190
44556.25,3912.148926,384.94,150
44555.25,3909.927979,463.54,120
44554.25,3907.699951,453.68,100
44553.25,3905.385986,449.19,100
44552.25,3903.073975,519.98,130
44551.25,3900.771973,594,130
44550.25,3898.408936,459.3,120
44549.25,3895.964111,359.99,100
44548.25,3893.675049,392.81,120
44547.25,3891.585938,414.45,120
44546.25,3889.516113,386.69,120
44545.25,3887.446045,380.52,130
44544.25,3885.300049,297.69,110
44543.25,3883.204102,382.95,120
44542.25,3881.13208,404.31,130
44541.25,3879.011963,305.41,150
44540.25,3876.875,441.68,125
44539.25,3874.778076,457.82,125
44538.25,3872.586914,384.23,130
44537.25,3870.365967,316.52,130
44536.25,3868.329102,459.63,140
44535.25,3866.39209,405.55,190
44534.25,3864.266113,392.27,150
44533.25,3862.22998,468.54,130
44532.25,3860.202881,398.48,130
44531.25,3858.110107,461.24,120
44530.25,3856.202881,466.62,120
44529.25,3854.204102,322.97,200
44528.25,3852.520996,328.51,200
44527.25,3851.156982,325.35,140
44526.25,3849.535889,355.89,100
44525.25,3848.179932,476.58,100
44524.25,3846.72998,464.81,110
44523.25,3844.596924,371.8,110
44522.25,3842.434082,476.61,150
44521.25,3840.261963,297.34,100
44520.25,3838.072021,468.91,150
44519.25,3835.978027,446.45,110
44518.25,3833.781982,370.67,110
44517.25,3831.51001,523.88,110
44516.25,3829.313965,300.8,100
44515.25,3826.976074,305.7,140
44514.25,3825.031982,399.88,190
44513.25,3822.929932,335.78,125
44512.25,3820.634033,387,110
44511.25,3818.665039,460.8,120
44510.25,3816.575928,544.78,120
44509.25,3814.381104,382.14,120
44508.25,3812.155029,399.55,100
44507.25,3809.993896,399.47,170
44506.25,3807.878906,471.32,160
44505.25,3805.699951,295.93,110
44504.25,3803.478027,464.53,140
44503.25,3801.434082,369.42,130
44502.25,3799.289063,313,120
44501.25,3797.294922,410.79,120
44500.25,3795.388916,455.17,130
44499.25,3793.419922,388.38,130
44498.25,3791.399902,454.53,120
44497.25,3789.414063,314.85,120
44496.25,3787.353027,447.69,130
44495.25,3785.404053,458.29,100
44494.25,3783.334961,392.6,120
44493.25,3781.245117,376.21,110
44492.25,3779.208008,379.87,100
44491.25,3777.25293,347.17,110
44490.25,3775.308105,400.34,110
44489.25,3773.39209,457.5,100
44488.25,3771.400879,388.55,100
44487.25,3769.324951,525.64,110
44486.25,3767.312988,522.06,150
44485.25,3765.156982,454.24,120
44484.25,3762.922119,533.86,125
44483.25,3760.856934,604.56,100
44482.25,3758.685059,316.38,110
44481.25,3756.431885,240.54,110
44480.25,3754.4729,460.67,110
44479.25,3752.537109,313.19,100
44478.25,3750.495117,459.19,100
44477.25,3748.666992,465.53,120
44476.25,3746.628906,588.95,120
44475.25,3744.503906,603.47,120
44474.25,3742.10498,475.67,110
44473.25,3739.789063,465.09,110
44472.25,3737.667969,599.91,100
44471.25,3735.581055,595.23,120
44470.25,3733.344971,457.72,100
44469.25,3731.070068,311.22,110
44468.25,3728.99707,593.28,100
44467.25,3727.054932,193.81,100
44466.25,3724.852051,455.89,120
44465.25,3723.439941,591.64,120
44464.25,3721.407959,425.43,110
44463.25,3719.186035,415.59,100
44462.25,3717.138916,557.56,100
44459.25,3710.822998,466.72,100
44458.25,3708.615967,597.13,90
44457.25,3706.550049,596.93,110
44456.25,3704.282959,459.54,120
44455.58333,3702.365967,458.54,120
44454.25,3699.909912,456.39,110
44453.25,3697.829102,595.86,100
44452.25,3695.706055,601.21,100
44451.25,3693.435059,607.25,100
44450.25,3691.197998,257.36,100
44449.25,3688.919922,245.01,80
44448.25,3687.120117,461.98,80
44447.25,3685.183105,524.1,90
44446.25,3683.074951,468.73,90
44445.25,3681.009033,600.14,100
44444.25,3679.095947,329.38,100
44443.25,3676.884033,469.48,100
44442.25,3674.966064,372.07,70
44441.25,3672.974121,481.35,130
44440.25,3671.123047,599.01,100
44439.25,3669.084961,597.06,100
44438.25,3666.851074,586.87,120
44437.25,3664.584961,595.15,100
44436.25,3662.309082,591.35,90
44435.25,3660.041016,539.27,100
44434.25,3657.763916,528.04,110
44433.25,3655.583008,461.15,100
44432.25,3653.406006,584.52,100
44431.25,3651.340088,514.46,110
44430.25,3649.083008,348,100
44429.25,3647.02002,525.45,100
44428.25,3645.207031,423.73,90
44427.25,3643.211914,454.11,100
44426.25,3641.208984,359.81,100
44425.25,3639.405029,442.27,100
44424.25,3637.458008,577.42,100
44423.25,3635.343994,444.24,95
44422.25,3633.188965,447.63,98
44420.25,3629.861084,600.12,100
44419.25,3628.145996,309.39,120
44418.25,3626.003906,387.94,120
44417.25,3624.125,382.32,90
44416.25,3622.235107,468.03,100
44415.25,3620.385986,332.8,100
44414.25,3618.436035,457.64,90
44413.25,3616.569092,383.27,80
44412.25,3614.592041,589.23,100
44411.25,3612.648926,596.73,100
44410.25,3610.537109,532.26,100
44409.25,3608.366943,379.52,100
44408.25,3606.2771,592.77,100
44407.25,3604.465088,524.1,110
44406.25,3600.072998,535.97,100
44405.25,3597.998047,446.64,100
44404.25,3595.905029,599.16,120
44403.25,3595.905029,600.99,130
44402.25,3593.646973,598.37,110
44401.25,3591.476074,600.4,90
44400.25,3589.295898,598.67,100
44399.25,3587.115967,558,90
44398.25,3584.937988,580,110
44397.25,3582.766113,573,110
44396.25,3580.573975,452,110
44395.25,3578.375,361,60
44394.25,3576.295898,481,60
44393.25,3574.35791,226,95
44392.25,3572.332031,117,90
44390.25,3570.229004,72.51,90
44388.25,3567.635986,443.71,80
44387.25,3565.679932,462.03,130
44386.25,3563.699951,466.2,80
44385.25,3561.725098,455.81,80
44384.25,3559.721924,542.03,80
44383.25,3557.694092,600.45,95
44382.25,3555.693115,462.16,100
44381.25,3553.50708,462.86,86
44380.25,3551.496094,483.03,100
44379.25,3549.541016,307.37,180
44378.25,3547.550049,572,180
44377.25,3545.710938,422,180
44376.25,3543.583984,423,94
44375.25,3541.599121,357.51,100
44374.25,3539.594971,226.92,110
44373.25,3537.876953,349.92,110
44372.25,3536.262939,380.5,110
44371.25,3534.501953,404.94,120
44363.25,3519.39502,3,100
44362.25,3517.829102,258,100
44361.25,3516.438965,472.18,100
44360.25,3515.0271,599.85,100
44359.25,3512.970947,620,100
44353.25,3500.541992,535.07,100
44352.25,3500.314941,521.21,90
44351.25,3498.258057,394.57,70
44350.25,3496.175049,396,70
44349.25,3494.191895,435,70
44348.25,3492.324951,289,70
44347.25,3490.345947,272.5,100
44346.25,3488.538086,272.5,100
44345.25,3486.785889,316.24,60
44344.25,3485.011963,383.96,80
44343.25,3483.208984,298.94,90
44342.25,3481.37793,379.76,80
44341.25,3479.528076,297.4,85
44340.25,3477.636963,394.46,85
44339.25,3475.868896,386.29,85
44338.25,3473.954102,305.26,85
44336.25,3470.282959,302.85,70
44335.25,3468.600098,156.16,85
44334.25,3466.802002,19.1,85
44333.25,3465.509033,246.31,85
44332.25,3464.656982,240.49,85
44331.25,3463.197021,325.4,85
44330.25,3461.344971,602.67,80
44329.25,3459.420898,155.98,70
44328.25,3457.11499,526.86,90
44327.25,3455.612061,547.92,90
44326.25,3453.626953,600.75,85
44325.25,3451.5271,593.42,90
44324.25,3449.340088,472.61,70
44323.25,3447.124023,602.3,70
44322.25,3445.025879,607.45,70
44321.25,3442.795898,613.45,80
44320.25,3440.660889,595.82,80
44319.25,3438.452881,610.1,80
44318.25,3436.246094,600.55,65
44317.25,3434.045898,596.6,64
44316.25,3431.845947,608.43,90
44315.25,3429.646973,595.04,70
44314.25,3427.455078,599.39,70
44313.25,3425.26001,521.58,74
44312.25,3423.062012,606.96,100
44311.25,3420.87793,600.28,80
44310.25,3418.691895,592.17,72
44309.25,3416.488037,600.95,80
44308.25,3414.271973,591.9,70
44307.25,3412.048096,599.1,70
44306.25,3409.823975,592.98,70
44305.25,3407.606934,600.95,70
44304.25,3405.406006,339.67,70
44303.25,3403.206055,434.91,70
44302.25,3401.281982,606.83,70
44301.25,3399.537109,596.51,60
44300.25,3397.322998,595.21,60
44299.25,3395.115967,598.25,70
44298.25,3392.764893,592.26,70
44297.25,3390.269043,588.92,70
44296.25,3388.396973,592.76,70
44295.25,3386.062988,593.24,60
44294.25,3383.86792,599.97,60
44293.25,3381.61499,588.67,60
44292.25,3379.406982,598.73,70
44291.25,3377.300049,599.49,70
44290.25,3375.085938,598.72,70
44289.25,3372.879883,601.32,70
44288.25,3370.659912,608.04,60
44287.25,3368.440918,596.64,60
44286.25,3366.237061,591.02,60
44285.25,3364.023926,595.32,50
44284.25,3361.821045,602.61,50
44283.25,3359.603027,598.48,50
44282.25,3357.386963,593.71,50
44281.25,3355.179932,604.04,50
44280.25,3352.461914,601.65,50
44279.25,3350.733887,593.86,50
44278.25,3348.043945,594.96,50
44276.91667,3345.524902,596.5,60
44276.25,3343.936035,544.13,60
44275.25,3341.731934,604.79,50
44274.25,3339.712891,604.57,50
44273.25,3337.480957,592.35,60
44272.25,3335.240967,606.87,60
44271.25,3333.006104,608.2,60
44270.25,3330.761963,605.51,60
44269.25,3327.98999,591.62,60
44267.91667,3325.556885,608.05,65
44267.25,3323.726074,598.57,80
44266.25,3321.418945,532.19,80
44265.25,3319.061035,594.98,80
44264.25,3317.395996,602.77,80
44263.25,3315.278076,596.6,65
44262.25,3313.064941,596.76,65
44261.25,3310.87793,591.61,65
44260.25,3308.658936,590.4,70
44259.25,3306.441895,601.64,55
44258.25,3304.229004,580.93,60
44257.25,3302.00293,587.14,60
44256.25,3299.75,596.09,60
44255.25,3297.509033,601.29,55
44254.25,3295.278076,543.08,55
44253.25,3293.043945,590.64,65
44252.25,3290.889893,368.36,65
44251.25,3288.751953,586.61,65
44250.25,3287.125977,597.72,65
44249.25,3285.00708,599.45,65
44248.25,3282.7771,590.43,70
44247.25,3280.562012,561.13,65
44246.25,3278.350098,592.88,60
44245.25,3276.049072,588.8,60
44244.25,3273.822021,597.14,60
44243.25,3271.590088,591.97,60
44242.25,3269.352051,601.64,60
44241.25,3267.123047,602.63,65
44240.25,3264.910889,600.68,65
44239.25,3262.679932,590.09,65
44238.25,3260.444092,596.14,65
44237.25,3258.212891,606.24,65
44236.25,3255.988037,589.7,65
44235.25,3253.771973,595.2,65
44234.25,3251.563965,598.08,65
44233.25,3249.363037,594.95,70
44232.25,3247.1521,596.55,60
44231.25,3244.936035,604.97,55
44230.25,3242.721924,606.17,55
44229.25,3240.510986,593.91,55
44228.25,3238.081055,631.4,70
44227.25,3235.543945,602.68,65
44226.25,3233.047119,593.6,65
44225.25,3230.554932,583.96,76
44224.25,3227.99292,601.34,74
44223.25,3225.483887,592.26,72
44222.25,3222.9729,598.68,70
44221.25,3220.475098,588.31,65
44220.25,3217.971924,600.1,80
44219.25,3215.477051,603.75,60
44218.25,3212.985107,601.9,70
44217.25,3210.48291,596.38,70
44216.25,3207.969971,605.73,70
44215.25,3205.428955,592.47,55
44214.25,3202.924072,592.34,65
44213.25,3200.416016,591.21,80
44212.25,3197.922119,592.18,80
44211.25,3195.407959,586.55,78
44210.25,3192.88501,600.51,70
44209.25,3190.371094,597.32,70
44208.25,3187.860107,597.34,60
44207.25,3185.346924,605.92,70
44206.25,3182.843018,604.19,70
44205.25,3180.36499,596.76,65
44204.25,3177.870117,601.73,65
44203.25,3175.368896,598.86,65
44202.25,3172.851074,589.47,60
44201.25,3170.344971,600.23,60
44200.25,3167.837891,590.4,60
44199.25,3165.315918,606.31,60
44198.25,3162.832031,599.6,80
44197.25,3160.323975,606.84,80
44196.25,3157.851074,595.65,80
44195.25,3155.344971,643.4,62
44194.25,3152.834961,596.04,60
44193.25,3150.340088,590.12,80
44192.25,3147.862061,606.97,80
44191.25,3145.378906,613.95,80
44190.25,3142.89502,602.63,80
44189.25,3140.403076,591.44,60
44188.25,3137.910889,599.19,65
44187.25,3135.404053,602.81,60
44186.25,3132.914063,588.03,65
44185.25,3130.427002,588.22,62
44184.25,3127.936035,608.01,62
44183.25,3125.445068,594.44,68
44182.25,3122.954102,602.75,53
44181.25,3120.455078,603.21,60
44180.25,3117.950928,587.82,65
44179.25,3115.449951,596.94,60
44178.25,3112.952881,603.06,60
44177.25,3110.465088,593.82,60
44176.25,3107.961914,600.68,60
44175.25,3105.460938,610.45,55
44174.25,3102.967041,610.45,50
44173.25,3100.462891,612.1,70
44172.25,3097.946045,601.1,45
44171.25,3095.449951,590.36,60
44170.25,3092.965088,603.36,60
44169.25,3090.456055,598.02,60
44168.25,3087.957031,610.88,60
44167.25,3085.461914,602.32,60
44166.25,3082.970947,593.71,60
44165.25,3080.495117,597.42,68
44164.25,3077.993896,590.12,60
44163.25,3075.519043,605.2,60
44162.25,3073.025879,598.77,64
44161.25,3070.532959,429.53,50
44160.25,3068.052979,593.44,56
44822.25,185.90625,803,140
44821.25,185.09375,803,140
44820.25,185,778,140
44819.25,182.1875,767,140
44818.25,189.90625,466,140
44817.25,175.3125,854,120
44816.25,185.875,408,120
44815.25,155.40625,822,140
44814.25,187.3125,816,140
44813.25,182.5,793,150
44812.25,188.09375,824,150
44811.25,181.6875,816,120
44810.25,186.625,806,100
44809.25,179.1875,806,80
44808.25,181.40625,805,60
44807.25,181.59375,792,130
44806.25,187.40625,807,110
44805.25,181.28125,796,110
44804.25,189.625,816,120
44803.25,177.875,784,150
44802.25,183.3125,841,160
44801.25,180.40625,823,130
44800.25,185.09375,823,130
44799.25,182,867,130
44798.25,182.40625,816,110
44797.25,177.5,814,110
44796.25,184,836,110
44795.25,180.6875,821,110
44794.25,182.5,837,130
44793.25,179.59375,831,140
44792.25,183.625,762,140
44791.25,180.875,851,120
44790.25,185.125,819,90
44789.25,176.5,780,150
44788.25,182.6875,772,140
44786.25,186.71875,811,150
44785.25,173.5,834,140
44784.25,171.90625,821,130
44783.25,164.875,831,140
44782.25,165.8125,803,150
44781.25,164.59375,808,170
44780.25,164.40625,804,160
44779.25,161.40625,831,160
44778.25,167.28125,801,100
44777.25,168.40625,826,160
44776.25,173.21875,813,150
44775.25,166.59375,820,160
44774.25,167.1875,808,160
44773.25,164.90625,832,170
44772.25,213,804,150
44771.25,191,804,150
44770.25,193.59375,806,170
44769.25,187.5,859,150
44768.58333,188.875,853,140
44768.25,188.71875,853,140
44767.25,190.78125,812,130
44766.25,185.90625,774,150
44765.25,191.8125,808,160
44764.25,187.875,805,150
44763.25,192.8125,824,160
44732.25,183.40625,760,260
44731.25,180.1875,798,250
44730.25,185.1875,819,300
44729.25,175.625,202,300
44728.25,158.78125,148,300
44727.25,129.5,806,300
44726.25,214.90625,848,300
44725.25,199,815,290
44724.25,197.3125,821,220
44723.25,203.28125,822,250
44722.25,198.8125,810,290
44721.25,203.1875,808,290
44720.25,206.40625,779,280
44719.58333,199.40625,808,280
44718.25,207.8125,728,300
44717.25,196.1875,802,300
44716.25,207.5,812,280
44715.25,202.8125,805,250
44713.25,207.5,803,240
44712.58333,235.78125,798,270
44711.25,211.1875,795,270
44710.25,217.71875,773,260
44709.25,213.28125,812,260
44708.25,214.40625,816,270
44706.25,212.59375,817,270
44705.58333,211.21875,810,260
44704.25,212.875,771,250
44703.25,208,797,220
44702.25,212.71875,816,220
44701.25,204.6875,739,220
44700.58333,205.21875,719,220
44699.25,203.1875,739,270
44698.25,205.90625,807,190
44697.25,206.5,775,270
44696.25,214.40625,741,270
44695.25,206.1875,787,240
44694.25,211.71875,754,250
44693.58333,210.28125,802,250
44692.25,208.8125,802,250
44691.58333,211.6875,833,270
44690.25,204.71875,800,270
44689.25,204.09375,846,270
44688.25,206.90625,814,250
44687.25,202.6875,830,250
44684.25,206.1875,805,230
44683.25,201.90625,785,270
44682.25,210,898,220
44681.25,206.40625,823,220
44680.25,207.28125,801,260
44679.25,205.5,827,250
44678.25,209.90625,808,250
44677.25,204.3125,839,260
44676.25,208.875,816,260
44675.25,203.125,830,210
44674.25,207.1875,821,250
44672.25,207.90625,730,210
44671.25,199.09375,801,210
44670.25,206.78125,800,230
44669.25,203.21875,796,230
44668.25,211.1875,813,250
44667.25,203.59375,821,250
44666.25,207.625,801,230
44665.25,205.1875,814,240
44664.25,202.8125,856,240
44663.25,200.1875,756,240
44662.25,208.6875,786,190
44661.25,205.3125,824,250
44660.25,204.3125,796,250
44659.25,201.59375,807,240
44658.25,206.40625,799,260
44657.25,200,829,260
44656.25,204.09375,809,260
44655.25,201.1875,803,280
44654.25,205,816,240
44653.25,200,808,280
44652.25,204.71875,794,300
44651.25,200.1875,756,270
44650.25,205.8125,806,290
44649.25,204.875,818,290
44648.25,211.71875,782,320
44647.25,206.28125,702,280
44636.25,199.6875,652,250
44635.25,188.40625,408.86,220
44634.25,205.8125,434.24,240
44633.25,202.375,469,210
44632.25,205.40625,458,190
44631.25,227353.9063,379,216
44629.25,204.90625,800,176
44628.25,212.3125,788,280
44627.25,205.78125,782,280
44626.25,210.3125,811,280
44625.25,206.1875,810,192
44624.25,205.5,809,256
44623.25,210.8125,795,200
44622.25,207.5,809,200
44621.25,200.90625,798,236
44620.25,206.1875,786,200
44619.25,207.1875,805,250
44618.25,208.71875,802,220
44617.25,205.1875,795,230
44616.25,208,787,230
44615.25,203.3125,781,200
44614.25,209.28125,790,200
44613.25,208.90625,768,240
44612.25,216.09375,798,210
44611.25,201.625,782,200
44610.25,204.78125,797,190
44609.25,208.71875,782,210
44608.25,209.6875,346,220
44605.25,208,793,180
44604.25,202.71875,790,200
44603.25,204.09375,792,245
44602.25,198.3125,786,200
44601.25,205.5,788,220
44600.25,203.6875,806,200
44599.25,207.5,801,210
44598.58333,170.71875,805,200
44597.25,209.78125,785,200
44596.25,197.5,802,230
44595.25,197.59375,798,210
44594.25,197.71875,815,200
44593.25,212.59375,797,260
44592.25,205.90625,792,300
44591.25,208.28125,797,200
44590.25,207.3125,705,200
44589.25,211.5,887,160
44588.25,198.1875,805,220
44587.25,208.90625,798,200
44586.25,210.21875,783,250
44585.25,209.28125,794,250
44584.25,207.90625,796,160
44583.25,222.3125,780,200
44582.25,217,791,220
44581.25,232.5,795,210
44580.25,202.5,796,200
44579.25,218.78125,777,170
44578.25,216.09375,783,220
44577.25,214.71875,795,130
44576.25,202.09375,790,130
44575.25,209.6875,776,220
44574.25,203.71875,803,200
44573.25,212.1875,779,220
44572.25,211.21875,770,190
44571.25,211.5,776,250
44570.25,209.875,796,200
44569.25,210.40625,783,230
44568.25,202.90625,782,200
44567.25,201.3125,789,250
44566.25,211,793,250
44565.25,205.28125,783,260
44564.25,198.21875,766,250
44563.25,212.78125,798,230
44562.25,207.8125,765,230
44561.25,209.40625,785,150
44560.25,203.1875,788,200
44559.25,209.40625,790,230
44558.25,208.59375,726,200
44557.25,213.90625,785,200
44556.25,209.09375,769,200
44555.25,212.5,780,200
44554.25,212.90625,767,210
44553.25,206.59375,751,210
44552.25,212.09375,859,260
44551.25,223,779,210
44550.25,192.21875,772,160
44549.25,210.6875,607,160
44548.25,217.09375,801,210
44547.25,217.09375,792,210
44546.25,212.71875,772,270
44545.25,210,783,110
44544.25,221,805,220
44543.25,213.28125,800,210
44542.25,218.3125,794,230
44541.25,202.40625,775,200
44540.25,216.5,724,200
44539.25,196.28125,762,230
44538.25,204.90625,531,220
44531.25,215,794,230
44530.25,209.6875,797,230
44529.25,211.90625,784,210
44528.25,205.6875,744,220
44527.25,213.3125,797,160
44526.25,213.90625,790,180
44525.25,217.59375,797,190
44524.25,207.8125,746,150
44523.25,212.78125,772,200
44522.25,209.21875,783,140
44521.25,215.28125,793,200
44520.25,213.40625,781,200
44519.25,214,788,220
44518.25,217.8125,776,200
44517.25,208.90625,780,210
44516.25,207.71875,780,220
44515.25,213.09375,807,200
44514.25,208.1875,799,150
44513.25,211.3125,801,210
44512.25,222.28125,785,230
44511.25,205,785,230
44510.25,207.125,803,200
44509.25,214.5,740,220
44508.25,211.78125,790,200
44507.25,215.21875,806,200
44506.25,207.09375,802,180
44503.25,211.40625,789,220
44502.25,201.40625,703,230
44501.25,211.875,724,180
44500.25,211.125,774,200
44499.25,214.875,774,200
44498.25,213.21875,774,210
44497.25,216.78125,757,210
44496.25,212.40625,781,160
44495.25,212.3125,740,160
44494.25,213.1875,758,200
44493.25,223.09375,777,200
44492.25,211.90625,777,150
44491.25,227.21875,777,180
44490.25,213.28125,795,150
44489.25,221.59375,781,190
44488.25,205.90625,785,200
44487.25,209.71875,762,200
44486.25,211.6875,721,200
44485.25,207.09375,721,90
44484.25,212,721,150
44483.25,210.3125,496,150
44481.25,215,772,150
44480.25,211.59375,746,150
44479.25,217.09375,751,140
44478.25,212.40625,751,130
44477.25,215.90625,751,120
44476.25,214.59375,745,120
44475.25,206.28125,761,110
44474.25,212.125,798,130
44473.25,207.59375,756,120
44472.25,215.40625,761,120
44471.25,211,761,130
44470.25,211.875,761,140
44469.25,228.90625,761,140
44468.25,212.71875,761,110
44467.25,214.875,761,110
44466.25,216.125,761,120
44465.25,209.28125,761,100
44464.25,536.21875,763,140
43713.58333,57.40625,25,110
43710.58333,99.5,23,110
43709.25,107.8125,22,110
43703.25,111.203125,1,180
43702.91667,111.203125,1,180
43702.58333,108.390625,1,180
43702.25,112.203125,1,180
43701.91667,111.5,1,1
44822.25,137265,794.1,240
44821.25,137265,794.1,240
44820.25,136991,795.9,210
44819.25,136716,792.29,210
44818.25,136446,794.13,210
44817.25,136167,794.1,200
44816.25,135885,794.1,190
44815.25,135623,794.1,180
44814.25,135374,667.42,180
44813.25,135078,442.44,180
44812.25,134945,794,190
44811.25,134587,794.1,170
44810.25,134327,794.13,160
44809.25,134048,794.1,160
44808.25,133849,794.1,170
44807.25,133471,794.75,170
44806.25,133149,795.26,160
44805.25,132924,794.13,150
44804.25,132655,794.07,150
44803.25,132376,736.3,140
44802.25,132079,707.92,140
44797.25,131504,596.74,120
44796.25,131295,794.1,120
44795.25,131009,794.1,130
44794.25,130752,794.13,120
44793.25,130426,794.1,120
44792.25,130134,509.54,120
44791.25,129899,794.13,80
44790.25,129618,517.03,80
44789.25,129373,507.91,160
44788.25,129119,757.82,310
44787.25,128826,795.77,270
44786.25,128528,791.78,280
44785.25,128259,794.1,290
44784.25,127949,791.89,300
44783.25,127660,794.1,260
44782.25,127970,635.44,250
44781.25,127116,792.98,260
44780.25,126859,794.1,260
44779.25,126553,794.1,270
44778.25,126325,794.1,240
44777.25,125952,792.33,60
44776.25,125695,794.07,100
44775.25,125325,794.1,210
44774.25,125087,453.37,190
44773.25,124836,764.46,190
44772.25,124258,671.47,210
44771.25,124258,671.47,210
44770.25,123977,640.99,220
44769.25,123703,618.3,200
44768.58333,123435,721.48,180
44768.25,123435,721.48,180
44767.25,123156,704.79,170
44766.25,122876,794.1,200
44765.25,122584,795.19,220
44764.25,122246,787.63,230
44763.25,122001,741.13,230
44762.25,121711,741.13,230
44761.25,121425,659.41,180
44760.25,121152,704.45,190
44759.25,120870,711.85,200
44758.25,120605,803.13,230
44757.25,120291,827.84,220
44756.25,119993,831.93,210
44755.25,119704,830.81,140
44754.25,119407,802.6,180
44753.25,119118,795.12,180
44752.25,118849,821.83,180
44751.25,118527,833.63,180
44750.25,118231,837,180
44749.25,117930,837,180
44748.25,117634,837,200
44747.25,117336,837,180
44746.25,117038,837,180
44745.25,116742,837,180
44744.25,116396,837,180
44743.25,116147,837,180
44742.25,115648,837,180
44741.25,115548,837,190
44740.25,115247,837,190
44739.25,114944,837,220
44738.25,114649,837,210
44737.25,114350,837,210
44736.25,114045,837,220
44735.25,113751,837,220
44734.25,113403,837,240
44733.25,113152,837,250
44732.25,112864,837,250
44731.25,112564,837,250
44730.25,111961,837,250
44729.25,111961,837,240
44728.25,111663,837,230
44727.25,111366,837,240
44726.25,111066,837,220
44725.25,110765,837,220
44724.25,110468,837,240
44723.25,110173,837,230
44722.25,109868,837,200
44721.25,109565,837,210
44720.25,109254,837,200
44719.58333,108944,837,200
44718.25,108635,837,200
44717.25,108324,837,200
44716.25,108018,837,180
44715.25,107708,837,170
44714.25,107118,837,120
44713.25,107118,837,120
44712.58333,106740,837,130
44711.25,106406,837,160
44710.25,106181,837,170
44709.25,105801,837,170
44705.58333,104765,767.25,200
44704.25,104481,841,240
44703.25,104300,841,230
44702.25,103911,821,230
44701.25,103565,826,210
44700.58333,103251,809,220
44699.25,102941,870,220
44698.25,102638,852,210
44697.25,102332,789,210
44696.25,102034,734,220
44695.25,101712,725,220
44694.25,101349,755,240
44693.58333,101079,808,220
44692.25,100707,772,190
44691.58333,100495,710,180
44690.25,100182,756,200
44689.25,99897,767,190
44688.25,99593,739,230
44687.25,99275,782,190
44686.25,98983,788,210
44685.25,98715,731,220
44684.25,98463,754,200
44683.25,98201,731,210
44682.25,97956,731,210
44681.25,97685,751,220
44680.25,97408,802,210
44679.25,97130,820,200
44678.25,96814,780,220
44677.25,96498,772,210
44676.25,96172,815,210
44675.25,95863,884,200
44674.25,95546,886,210
44673.25,95220,831,230
44672.25,94900,825,240
44671.25,94600,828,230
44670.25,94284,864,220
44669.25,93976,845,230
44668.25,93697,785,220
44667.25,93367,817,220
44666.25,93065,878,220
44665.25,92760,855,220
44664.25,92455,869,180
44663.25,92148,900,200
44662.25,91848,874,200
44661.25,91566,917,250
44660.25,91234,871,240
44659.25,90928,915,250
44658.25,90639,1030,210
44657.25,90321,872,200
44656.25,90012,854,220
44655.25,89712,806,240
44654.25,89444,826,270
44653.25,89032,765,190
44652.25,89009,766,210
44651.25,88456,771,200
44650.25,88145,815,190
44649.25,87807,814,160
44648.25,87493,803,170
44647.25,87168,806,170
44646.25,86864,810,170
44645.25,86519,799,170
44644.25,86196,781,160
44643.25,85872,797,200
44642.25,85507,838,190
44641.25,85265,859,200
44640.25,84918,799,210
44639.25,84635,774,180
44638.25,84311,843,220
44637.25,83952,830,230
44636.25,83652,871,220
44635.25,83313,833,220
44634.25,83021,775,210
44633.25,82722,833,160
44632.25,82407,832,160
44631.25,82088,840,160
44630.25,81759,829,190
44629.25,81446,804,190
44628.25,81134,813,190
44627.25,80831,817,190
44626.25,80523,831,180
44625.25,80210,836,210
44624.25,79898,823,210
44623.25,79575,806,250
44622.25,79233,806,250
44621.25,78961,840,290
44620.25,78681,832,230
44619.25,78354,819,220
44618.25,78075,312,230
44616.25,77807,94.06,230
44615.25,77766,847,230
44614.25,77459,843,230
44613.25,77208,845,210
44612.25,77010,853,240
44611.25,76684,889,240
44610.25,76378,852,220
44609.25,76078,844,200
44608.25,75771,319.12,310
44607.25,75543,678.46,310
44606.58333,75383,852,310
44605.25,75103,828,280
44604.25,74767,859,260
44603.25,74475,860,260
44602.25,74179,863,225
44601.25,73888,861,240
44600.25,73591,855,220
44599.25,73321,882,230
44598.58333,73030,864,240
44597.25,72725,891,200
44596.25,72425,895,220
44595.25,72112,875,220
44594.25,71774,858,220
44593.25,71532,873,210
44592.25,71263,818,220
44591.25,70940,825,220
44590.25,70644,841,220
44589.25,70372,900,210
44588.25,70062,862,220
44587.25,69776,879,210
44586.25,69502,848,200
44585.25,69210,852,210
44584.25,68922,909,210
44583.25,68539,884,230
44582.25,68295,900,220
44581.25,68006,926,230
44580.25,67713,930,220
44579.25,67442,906,220
44578.25,67158,921,240
44577.25,66863,937,250
44576.25,66568,881,250
44575.25,66246,886,240
44574.25,65942,851,320
44573.25,65645,852,280
44572.25,65348,865,270
44571.25,65074,902,310
44570.25,64783,895,300
44569.25,64493,887,290
44568.25,64173,860,250
44567.25,63893,850,260
44566.25,63596,892,250
44565.25,63287,891,260
44564.25,63017,882,260
44563.25,62726,850,260
44562.25,62472,877,210
44561.25,62170,864,210
44560.25,61835,879,200
44559.25,61533,898,200
44558.25,61235,867,210
44557.25,60950,839,200
44556.25,60660,862,200
44555.25,60343,872,200
44554.25,60075,865,210
44553.25,59780,867,200
44552.25,59456,923,160
44551.25,59174,951,120
44550.25,58955,938,200
44549.25,58767,383,200
44548.25,58701,914,200
44547.25,58446,934,200
44546.25,58150,890,190
44545.25,57843,887,190
44544.25,57549,910,170
44543.25,57273,925,180
44542.25,56996,889,180
44541.25,56697,893,200
44540.25,56398,917,220
44539.25,56134,967,210
44538.25,55865,926,210
44537.25,55572,921,190
44536.25,55297,934,190
44535.25,54992,895,200
44534.25,54704,844,230
44533.25,54425,775,250
44532.25,54130,807,260
44531.25,53848,828,250
44530.25,53618,938,210
44529.25,53364,784,250
44528.25,53104,888,230
44527.25,52771,815,220
44526.25,52482,831,190
44525.25,52220,470,120
44524.25,51932,541,160
44523.25,51788,583,250
44522.25,51557,856,250
44521.25,51284,844,240
44520.25,50985,842,320
44519.25,50670,833,260
44518.25,50393,821,255
44517.25,50107,875,240
44516.25,49822,816,240
44515.25,49535,808,260
44514.25,49279,809,190
44513.25,48972,808,220
44512.25,48684,820,210
44511.25,48425,807,210
44510.25,48116,837,190
44509.25,47831,787,190
44508.25,47585,785,210
44507.25,47288,771,180
44506.25,47019,778,160
44505.25,46696,794,130
44504.25,46414,787,140
44503.25,46232,574.64,130
44501.25,45778,784,130
44500.25,45660,766,130
44499.25,45483,832,130
44498.25,45204,767,130
44497.25,44938,825,130
44496.25,44670,884,130
44495.25,44375,865,150
44494.25,44203,811,150
44493.25,43828,786,150
44492.25,43548,822,150
44491.25,43178,823,150
44490.25,42986,793,160
44489.25,42706,856,160
44488.25,42430,751,170
44487.25,42147,764,180
44486.25,41893,821,190
44485.25,41583,806,190
44484.25,41318,801,180
44483.25,41006,833,180
44482.25,40755,783,190
44481.25,40469,741,170
44480.25,40160,741,170
44479.25,39881,756,175
44478.25,39592,770,170
44477.25,39282,832,165
44476.25,39003,903,150
44475.25,38704,850,160
44474.25,38430,845,200
44473.25,38174,826,210
44472.25,37847,775,220
44471.25,37573,799,220
44470.25,37282,758,220
44469.25,36993,732,220
44468.25,36723,784,220
44467.25,36419,748,210
44466.25,36164,760,210
44465.25,35838,780,190
44464.25,35557,759,200
44463.25,35251,729,220
44462.25,34979,758,220
44461.25,34646,791,220
44460.25,34385,844,230
44459.25,34114,767,230
44458.25,33793,789,220
44457.25,33557,799,220
44456.25,33189,780,240
44455.58333,32885,767,250
44454.25,32629,767,250
44453.25,32239,846,220
44452.25,31926,864,210
44451.25,31602,771,210
44450.25,31348,751,210
44449.25,31020,942,210
44448.25,30781,828,220
44447.25,30438,791,220
44446.25,30120,754,220
44445.25,29800,739,210
44444.25,29466,753,210
44443.25,29227,729,220
44442.25,28927,885,210
44441.25,28542,782,200
44440.25,28239,779,200
44439.25,27958,818,190
44438.25,27958,787,200
44437.25,27286,806,230
44436.25,26990,828,220
44435.25,26641,821,230
44434.25,26329,817,240
44433.25,25999,746,240
44432.25,25657,728,240
44431.25,25354,785,230
44430.25,25063,744,300
44429.25,24815,742,290
44428.25,24469,783,270
44427.25,24165,755,270
44426.25,23879,754,290
44425.25,23655,784,370
44424.25,23407,784,370
44423.25,23111,752,370
44422.25,22835,731,390
44421.25,22548,763,380
44420.25,22238,760,320
44419.25,21949,709,400
44418.25,21684,710,330
44417.25,21385,709,340
44416.25,21099,734,300
44415.25,20910,742,280
44414.25,20536,734,280
44413.25,20249,753,250
44412.25,19970,750,320
44411.25,19734,804,320
44410.25,19476,804,330
44409.25,19222,776,340
44408.25,18987,838,320
44407.25,18780,832,330
44406.25,18499,813,320
44405.25,18088,750,300
44404.25,17931,883,290
44403.25,17681,871,300
44402.25,17307,868,300
44401.25,17027,909,270
44400.25,16861,910,230
44399.25,16401,871,280
44398.25,16155,836,260
44397.25,15872,791,270
44396.25,15565,807,270
44395.25,15245,807,260
44394.25,14976,807,260
44393.25,14669,835,260
44392.25,14369,786,250
44391.25,14097,759,270
44390.25,13807,733,240
44389.25,13579,758,250
44388.25,13151,783,260
44387.25,12848,736,260
44386.25,12541,744,260
44385.25,12290,783,260
44384.25,11918,797,220
44383.25,11644,882,220
44382.25,11344,882,210
44381.25,11037,795,210
44380.25,10765,580,250
44379.25,10434,688,240
44378.25,10164,820,260
44377.25,9938,693,260
44376.25,9650,804,260
44375.25,9397,743,230
44374.25,9036,812,230
44373.25,8813,763,230
44372.25,8459,786,200
44371.25,8300,790,250
44370.25,7866,867,250
44369.25,7567,736,260
44368.25,7274,736,260
44367.25,6989,679,260
44366.25,6705,670,240
44365.25,6418,693,240
44364.25,6132,722,240
44363.25,5916,739,190
44362.25,5626,797,220
44361.25,5203,831,210
44360.25,4900,755,200
44359.25,4608,772,230
44358.25,4322,969,230
44357.25,4138,796,210
44356.25,3920,855,240
44355.25,3794,725,220
44354.25,3794,758,270
44353.25,3240,804,250
44352.25,2901,819,270
44351.25,2695,872,250
44350.25,2395,737,250
44349.25,2093,762,230
44348.25,1907,762,230
44347.25,1587,705,210
44346.25,1211,501,220
44345.25,982,530,340
44344.25,942,736,340
44343.25,913,776,340
44342.25,707,770,410
44341.25,99808,802,320
44340.25,99524,859,270
44339.25,99215,760,270
44338.25,98866,692,250
44337.25,98605,736,250
44336.25,98373,719,270
44335.25,98006,755,220
44334.25,97801,734,230
44333.25,97573,735,230
44332.25,97461,713,190
44331.25,97129,676,210
44330.25,96732,773,210
44329.25,96428,828,230
44328.25,96283,821,200
44327.25,95819,727,190
44326.25,95532,790,180
44325.25,95250,817,190
44324.25,94941,723,190
44323.25,94658,737,180
44322.25,94336,714,190
44321.25,94071,808,170
44320.25,93774,738,170
44319.25,93478,719,180
44318.25,93297,786,180
44317.25,92906,808,170
44316.25,92634,827,170
44315.25,92305,790,160
44314.25,92003,927,200
44313.25,91704,795,200
44312.25,91589,804,200
44311.25,91179,721,200
44310.25,90831,873,200
44309.25,90518,820,200
44308.25,90166,862,210
44307.25,89910,808,210
44306.25,89600,677,190
44305.25,89306,983,200
44304.25,89070,717,200
44303.25,88716,853,250
44302.25,88402,853,250
44301.25,88113,756,230
44300.25,87881,870,220
44299.25,87588,719,220
44298.25,87209,819,130
44297.25,86912,779,130
44296.25,86641,821,130
44295.25,86347,845,130
44294.25,86055,731,130
44293.25,85750,861,150
44292.25,85460,848,130
44291.25,85310,720,140
44290.25,84897,842,150
44289.25,84567,775,180
44288.25,84241,817,190
44287.25,84044,771,190
44286.25,83724,824,180
44285.25,83399,864,170
44284.25,83090,765,170
44283.25,82749,854,290
44282.25,82509,867,290
44281.25,82222,881,220
44280.25,81935,750,180
44279.25,81676,672,190
44278.25,81523,801,180
44276.91667,81106,1298,180
44276.25,80795,831,180
44275.25,80510,792,190
44274.25,80240,792,180
44273.25,79932,959,160
44272.25,79647,795,160
44271.25,79381,918,170
44270.25,79069,876,160
44269.25,78779,879,150
44267.91667,78485,855,160
44267.25,78193,180,180
44266.25,77901,866,200
44265.25,77763,842,200
44264.25,77349,457,210
44263.25,77131,1183,200
44262.25,76799,826,210
44261.25,76458,836,200
44260.25,76329,855,200
44259.25,76071,907,180
44258.25,75701,842,160
44257.25,75343,871,190
44256.25,75196,845,190
44255.25,74849,829,160
44254.25,74644,875,170
44253.25,74528,932,160
44252.25,74126,898,160
44251.25,73790,975,160
44250.25,73530,984,160
44249.25,73279,1026,200
44248.25,73029,1004,190
44247.25,72759,890,170
44246.25,72458,957,160
44245.25,72326,957,150
44244.25,71949,952,150
44243.25,71684,920,150
44242.25,71435,914,150
44241.25,71128,1019,200
44240.25,70772,910,200
44239.25,70678,957,200
44238.25,70452,937,200
44237.25,70161,905,200
44236.25,69712,882,160
44235.25,69424,882,170
44234.25,69116,886,180
44233.25,68835,890,170
44232.25,68575,893,160
44231.25,68301,1013,160
44230.25,67983,872,150
44229.25,67644,915,150
44228.25,67403,965,140
44227.25,67086,886,110
44226.25,66834,910,110
44225.25,66532,905,120
44224.25,66243,940,120
44223.25,66243,951,110
44222.25,65665,879,120
44221.25,65377,908,130
44220.25,65072,829,140
44219.25,64787,869,110
44218.25,64474,1078,110
44217.25,64207,937,110
44216.25,63909,939,120
44215.25,63688,835,110
44214.25,63324,977,130
44213.25,63031,858,120
44212.25,62715,905,110
44211.25,62434,931,110
44210.25,62140,928,110
44209.25,61872,940,100
44208.25,61562,878,160
44207.25,61274,880,160
44206.25,60952,899,170
44205.25,60682,885,180
44204.25,60364,878,170
44203.25,60090,957,170
44202.25,59769,811,220
44201.25,59564,959,220
44200.25,59240,457,220
44197.25,58806,756,200
44196.25,58586,800,200
44195.25,58321,844,210
44194.25,58131,968,250
44193.25,57804,845,200
44192.25,57569,798,210
44191.25,57213,863,210
44190.25,56943,779,180
44189.25,56636,945,200
44188.25,56357,837,180
44187.25,56088,909,190
44186.25,55820,933,170
44185.25,55538,883,160
44184.25,55236,904,130
44183.25,54960,812,170
44182.25,54720,827,160
44181.25,54346,892,170
44180.25,54189,812,200
44179.25,53861,774,200
44178.25,53574,867,200
44177.25,53329,938,210
44176.25,52941,855,190
44175.25,52602,832,180
44174.25,52328,914,180
44173.25,52063,809,200
44172.25,51800,877,190
44171.25,51511,877,180
44170.25,51249,811,180
44169.25,50996,774,180
44168.25,50731,839,190
44167.25,50452,889,180
44166.25,50218,974,180
44165.25,49933,861,180
44164.25,49664,842,180
44163.25,49416,816,180
44162.25,49104,821,180
44161.25,49018,847,180
44160.25,48486,819,130
44159.25,48286,850,170
44158.25,48010,769,130
44157.25,47725,709,140
44156.25,47465,773,160
44155.25,47269,765,150
44154.25,47090,809,115
44153.25,46850,834,170
44152.25,46534,624,150
44151.25,46245,312,150
44148.25,45547,809,100
44147.25,45310,809,100
44146.25,45045,693.52,100
44141.25,44324,265.49,100
44140.25,44302,217.32,100
44139.25,44023,327,150
44138.25,43732,978,150
44137.25,43422,754,170
44136.25,43117,761,190
44135.25,42811,884,190
44134.25,42524,807,180
44133.25,42366,774,230
44132.25,42106,896,210
44131.25,41688,854,200
44130.25,41236,803,170
44129.25,41050,789,150
44128.25,40708,769,210
44127.25,40654,789,200
44126.25,40109,883,150
44125.25,39802,784,140
44122.25,39497,862,230
44121.25,39275,835,230
44120.25,38553,856,200
44119.25,38553,858,200
44118.25,38314,869,210
44117.25,38002,930,210
44116.25,37736,846,200
44115.25,37399,877,200
44114.25,37089,914,200
44113.25,36791,868,180
44112.25,36409,723,190
44111.25,36218,853,120
44110.25,35931,787,110
44109.25,35676,666,110
44107.25,35213,796,140
44106.25,34933,796,150
44105.25,34604,814,140
44104.25,34323,755,140
44103.25,34054,755,130
44100.25,33728,831,140
44093.25,31464,259.68,100
44092.25,31402,819,100
44091.25,31127,855,100
44090.25,30796,731,100
44089.25,30560,842,100
44088.25,30298,582,100
44087.25,29948,830,100
44086.25,29605,598,100
44083.25,29238,825,80
44082.25,28902,772,80
44081.25,28663,723,50
44080.25,28402,723,60
44079.25,28025,689,40
44078.25,27741,802,110
44077.25,27421,813,100
44076.25,27134,817,100
44075.25,26862,786,100
44074.25,26562,713,110
44073.25,26262,713,110
44072.25,25970,703,90
44071.25,25647,729,90
44070.25,25359,510,80
44044.25,19522,723,100
44043.25,19417,969,100
44042.25,19137,844,100
44041.25,18506,791,100
44040.25,18506,791,100
44039.25,18153,792,110
44038.25,17680,515,100
44037.25,17628,530.74,90
44036.25,17500,820,90
44035.25,17198,610.62,90
44034.25,16949,18.95,55
44033.25,16913,860,55
44032.25,16647,698,55
44031.25,16462,704,30
44030.25,16064,622,30
44029.25,15759,800,30
44028.25,15438,722,30
44027.25,15117,918,20
44026.25,14914,864,10
44018.25,14033,872,120
44017.25,13988,643,120
44016.25,13708,735,120
44015.25,13574,736,120
44014.25,13095,798,135
44013.25,12839,719,160
44012.25,12502,832,150
44011.25,12214,724,150
44010.25,11932,721,140
44009.25,11617,781,150
44008.91667,11111,778,150
44007.25,11007,734,180
44006.25,10701,694,150
44005.25,10416,739,150
44004.25,10111,814,150
44003.25,9820,874,120
44002.25,9531,739,110
44001.25,9283,705,100
44000.25,8953,782,110
43999.25,8688,851,100
43998.25,8366,821,100
43997.25,8087,747,100
43996.25,7832,820,100
43995.25,7394,820,120
43994.25,7109,827,150
43993.25,6761,840,150
43992.25,6448,733,160
43991.25,6192,679,170
43990.25,5847,705,160
43989.25,5516,694,150
43988.25,5242,718,160
43987.25,4918,705,180
43986.25,4607,784,160
43985.25,4308,795,160
43984.25,3696,668,170
43983.25,3690,735,150
43982.25,3358,827,150
43981.25,3061,868,140
43980.25,2743,738,140
43979.25,2440,857,160
43978.25,2833,732,175
43977.25,2833,732,175
43976.25,1574,708,170
43975.25,1239,797,170
43974.25,941,825,170
43973.25,666,694,150
43972.25,390,801,180
43971.25,100095,586,180
43970.25,99887,885,200
43969.25,99520,183,190
43968.25,99214,918,190
43967.25,98911,885,220
43954.25,95756,342,210
43953.25,95432,333,180
43947.25,94038,137,160
43946.25,93689,83,180
43945.25,93393,213,180
43944.25,93192,469,150
43943.25,92834,301,170
43942.25,92506,338,150
43941.25,92215,290,140
43940.25,91966,285,40
43939.25,91675,375,130
43938.25,91423,368,100
43937.25,91139,298,200
43936.25,90865,242,190
43935.25,90608,298,160
43934.25,90354,116,180
43933.25,90142,117,160
43932.25,89943,254,150
43931.25,89752,480,85
43930.25,89423,501,150
43929.25,89134,536,170
43928.25,88821,514,150
43927.25,88224,591,160
43926.25,88224,525,130
43925.25,87919,586,130
43924.25,87644,476,120
43923.25,87326,508,110
43922.25,87060,482,150
43921.25,86739,529,150
43920.25,86515,507,190
43919.25,86151,533,170
43918.25,85874,518,180
43917.25,85591,522,190
43916.25,85247,540,190
43915.25,85014,515,180
43914.25,84744,453,190
43913.25,84446,510,190
43912.25,84149,537,190
43911.25,83860,549,190
43910.25,83553,545,180
43908.25,82971,589,140
43907.25,82664,876,140
43906.25,82381,534,120
43905.25,82085,581,150
43904.25,81822,531,140
43903.25,81551,495,140
43902.25,81250,405,150
43901.25,80981,449,130
43900.25,80698,288,120
43899.25,80512,804,120
43898.25,80213,507,120
43897.25,79853,573,120
43896.25,79566,641,70
43895.25,79280,434,95
43894.25,79061,106,90
43893.25,78821,77,90
43892.25,78605,132,90
43891.25,78408,142,90
43890.25,78224,121,90
43889.25,77992,188,90
43888.25,77774,142,90
43887.25,77554,158,80
43886.25,77352,102,90
43885.25,77138,202,90
43884.25,76926,178,90
43883.25,76738,173,90
43882.25,76659,162,90
43881.25,76092,132,90
43880.25,76092,176,90
43879.58333,75881,124,90
43879.25,75881,124,90
43878.91667,75881,124,90
43878.58333,75673,222,90
43878.25,75673,222,90
43877.91667,75673,222,90
43877.58333,75469,204,90
43877.25,75469,204,90
43876.91667,75469,204,90
43876.58333,75235,230,100
43876.25,75235,230,100
43875.91667,75235,230,100
43875.58333,75019,214,110
43875.25,75019,214,110
43874.91667,75019,214,110
43874.58333,74795,216,110
43874.25,74795,216,110
43873.91667,74795,216,110
43873.58333,74795,216,110
43873.25,74612,229,110
43872.91667,74612,229,110
43872.58333,74375,143,110
43872.25,74375,143,110
43871.91667,74375,143,110
43870.58333,74166,323,100
43870.25,73968,383,100
43869.91667,73968,383,100
43869.58333,73710,204,90
43869.25,73710,204,90
43868.91667,73710,204,90
43868.58333,73490,179,90
43868.25,73490,179,90
43867.91667,73490,179,90
43867.58333,73272,241,80
43867.25,73272,241,80
43866.91667,73272,241,80
43866.58333,73119,210,80
43866.25,73119,210,80
43865.91667,73119,210,80
43865.58333,72857,197,80
43865.25,72857,197,80
43864.91667,72857,197,80
43864.58333,72641,159,70
43864.25,72641,159,70
43863.91667,72641,159,70
43862.58333,72420,219.12,70
43862.25,72311,76,90
43861.91667,72311,76,90
43860.58333,71907,133,130
43860.25,71907,133,130
43859.91667,71907,133,130
43859.58333,71633,247,170
43859.25,71633,247,170
43858.91667,71633,247,170
43858.58333,71345,208,170
43858.25,71345,208,170
43857.91667,71345,208,170
43857.58333,71052,357,170
43857.25,71052,357,170
43856.91667,71052,357,170
43856.58333,70784,402,170
43856.25,70784,402,170
43855.91667,70784,402,170
43855.58333,70475,394,170
43855.25,70475,394,170
43854.91667,70475,394,170
43854.58333,70153,417,160
43854.25,70153,417,160
43853.91667,70153,417,160
43853.58333,69844,379,150
43853.25,69844,379,150
43852.91667,69844,379,150
43852.58333,69517,249,150
43852.25,69517,249,150
43851.91667,69517,249,150
43839.58333,66717,687,140
43839.25,66717,687,140
43838.91667,66717,687,140
43838.58333,66470,627,140
43838.25,66470,627,140
43837.91667,66470,627,140
43837.58333,66220,498,140
43837.25,66220,498,140
43836.91667,66220,498,140
43836.58333,65955,886,140
43836.25,65955,886,140
43835.91667,65955,886,140
43835.58333,65701,692,170
43835.25,65701,692,170
43834.91667,65701,692,170
43834.58333,65199,700,170
43834.25,65199,700,170
43833.91667,65199,700,170
43833.58333,64811,632,170
43833.25,64811,632,170
43832.91667,64811,632,170
43832.58333,64402,818,150
43832.25,64402,818,150
43831.58333,64040,682,150
43831.25,64040,682,150
43830.91667,64040,682,150
43830.58333,63680,461,160
43830.25,63680,461,160
43829.91667,63680,461,160
43829.58333,63323,755,150
43829.25,63323,755,150
43828.91667,63323,755,150
43817.58333,60022,615,180
43817.25,60022,615,180
43816.91667,60022,615,180
43816.58333,59742,470,160
43816.25,59742,470,160
43815.91667,59742,470,160
43815.58333,59444,769,140
43815.25,59444,769,140
43814.91667,59444,769,140
43814.58333,59142,672,130
43814.25,59142,672,130
43813.91667,59142,672,130
43813.58333,58852,684,130
43813.25,58852,684,130
43812.91667,58852,684,130
43812.58333,58757,662,150
43812.25,58757,662,150
43811.91667,58757,662,150
43811.58333,58272,752,140
43811.25,58272,752,140
43810.91667,58272,752,140
43810.58333,57791,682,120
43810.25,57791,682,120
43809.91667,57791,682,120
43809.58333,57720,510,110
43809.25,57720,510,110
43808.91667,57720,510,110
43808.58333,57433,723,110
43807.91667,57433,723,110
43807.58333,57153,623,90
43807.25,57153,623,90
43806.91667,57153,623,90
43806.58333,56636,611,100
43806.25,56636,611,100
43805.91667,56636,611,100
43805.58333,56636,560,100
43805.25,56636,560,100
43804.91667,56636,560,100
43804.58333,56636,560,100
43804.25,56351,867,90
43803.91667,56351,867,90
43803.58333,56057,745,100
43803.25,56057,745,100
43802.91667,56057,745,100
43802.58333,55864,544,100
43802.25,55864,544,100
43801.91667,55864,544,100
43801.58333,55492,914,100
43801.25,55492,914,100
43800.91667,55492,914,100
43800.58333,55202,574,70
43800.25,55202,574,70
43799.91667,55202,574,70
43799.58333,54901,681,70
43799.25,54901,681,70
43798.91667,54901,681,70
43798.58333,54614,591,70
43798.25,54614,591,70
43797.91667,54614,591,70
43797.91667,54614,591,70
43797.91667,54328,676,80
43797.58333,54328,676,80
43797.25,54328,676,80
43796.91667,54328,676,80
43796.58333,54048,595,75
43796.25,54048,595,75
43795.91667,54048,595,75
43795.58333,53948,492,60
43795.25,53948,492,60
43794.91667,53948,492,60
43794.58333,53948,492,60
43794.25,53496,717,60
43793.91667,53496,717,60
43793.58333,53217,624,60
43793.25,53217,624,60
43792.91667,53217,624,60
43792.58333,529320,673,50
43792.25,529320,673,50
43791.91667,529320,673,50
43791.58333,529320,673,50
43791.25,526560,605,50
43790.91667,526560,605,50
43790.58333,523770,554,50
43790.25,523770,554,50
43789.91667,523770,554,50
43789.58333,521020,569,50
43789.25,521020,569,50
43788.91667,521020,569,50
43788.58333,518220,442,30
43788.25,518220,442,30
43787.91667,518220,442,30
43787.58333,515580,731,30
43787.25,515580,731,30
43786.91667,515580,731,30
43786.58333,512980,592,30
43786.25,512980,592,30
43785.91667,512980,592,30
43785.58333,509970,682,30
43785.25,509970,682,30
43784.91667,509970,682,30
43784.58333,509130,708,30
43784.25,509130,708,30
43783.91667,509130,708,30
43768.58333,467320,708,20
43768.25,467320,708,20
43767.91667,467320,708,20
43767.58333,464560,317,20
43767.25,464560,317,20
43766.91667,464560,317,20
43766.58333,463060,235,20
43766.25,463060,235,20
43765.91667,463060,235,20
43761.25,458960,99,110
43760.91667,458960,99,110
43760.58333,458960,444,110
43760.25,458960,444,110
43759.91667,458960,444,110
43758.91667,456720,552,110
43758.58333,456720,552,110
43758.25,454210,704,130
43757.91667,454210,704,130
43757.58333,451290,649,130
43757.25,451290,649,130
43756.91667,451290,649,130
43756.58333,448710,568,130
43756.25,448710,568,130
43755.91667,448710,568,130
43755.58333,445940,616,150
43755.25,445940,616,150
43754.91667,445940,616,150
43754.58333,443230,387,90
43754.25,443230,387,90
43753.91667,443230,387,90
43753.58333,440500,64,90
43753.25,440500,64,90
43752.91667,440500,64,90
43752.58333,438620,529,90
43752.25,438620,529,90
43751.91667,438620,529,90
43751.58333,435920,560,90
43751.58333,435920,560,90
43750.91667,435920,560,90
43750.58333,434620,560,90
43750.25,434620,560,90
43749.91667,434620,560,90
43749.58333,429680,564,90
43749.25,429680,564,90
43748.91667,429680,564,90
43748.58333,126880,520,30
43748.25,126880,520,30
43747.91667,126880,520,30
43747.58333,42428,511,20
43747.25,42428,511,20
43746.91667,42428,511,20
43746.58333,42162,1062,50
43746.25,42162,1062,50
43745.91667,42162,1062,50
43745.58333,41917,596,20
43745.25,41917,596,20
43744.91667,41917,596,20
43744.58333,41065,1003,10
43744.25,41065,1003,10
43743.91667,41065,1003,10
43743.58333,41065,1003,10
43743.25,41065,1003,10
43742.58333,41065,1003,10
43742.25,41065,1003,10
43741.91667,41065,1003,10
43741.58333,40816,1003,10
43741.25,40816,1003,10
43740.91667,40816,1003,10
43740.25,40598,487,10
43739.91667,40598,487,10
43739.58333,40598,487,10
43736.58333,39641,15,50
43736.25,39641,15,50
43735.91667,39641,15,50
43728.58333,15,15,60
43728.25,38874,556,10
43727.58333,38564,519,10
43727.25,38564,519,10
43726.91667,38564,519,10
43726.58333,38252,563,10
43726.25,38252,563,10
43725.91667,38252,563,10
43725.58333,37955,521,10
43725.25,37955,521,10
43724.91667,37955,521,10
43724.25,37636,651,10
43723.91667,37636,651,10
43723.58333,37355,519,20
43723.25,37355,519,20
43723.25,10,10,60
43722.91667,37355,519,20
43722.58333,37078,698,10
43722.25,37078,698,10
43721.91667,37078,698,10
43721.58333,36764,595,10
43721.25,36764,595,10
43720.91667,36764,595,10
43720.58333,36481,636,30
43720.25,36481,636,30
43719.91667,36481,636,30
43719.58333,36219,718,50
43719.25,36219,718,50
43718.91667,35873,456,50
43718.58333,35873,456,50
43718.25,35873,456,50
43717.58333,35592,703,70
43717.25,35592,703,70
43716.58333,35373,626,50
43716.25,35373,626,50
43715.91667,35373,626,50
43715.58333,35592,703,70
43715.25,34997,552,70
43714.58333,35592,703,70
43714.25,34685,463,50
43713.58333,8,6,60
43713.25,34386,737,40
43712.91667,34070,468,40
43712.58333,35592,703,70
43712.25,34070,468,40
43711.58333,35592,703,70
43711.25,33794,445,50
43710.58333,6,6,60
43710.25,33488,635,60
43709.58333,35592,703,70
43709.25,33205,593,40
43709.25,2,2,40
43708.91667,31701,477,50
43708.58333,31701,477,50
43708.25,31701,477,50
43707.58333,31701,477,50
43706.91667,31701,477,50
43705.91667,31701,477,50
43704.25,31701,477,50
43703.25,31076,1609821,30
43702.91667,31076,1609821,30
43702.58333,31076,1609821,30
43702.25,31076,1609821,30
43701.91667,2,1,1
